date;price
31/07/2014;1000
01/08/2014;1018,202717
02/08/2014;1008,772389
03/08/2014;1004,4165
04/08/2014;1004,984138
05/08/2014;998,0410565
06/08/2014;999,8663178
07/08/2014;1006,144005
08/08/2014;1012,505635
09/08/2014;1006,846193
10/08/2014;1006,86504
11/08/2014;980,9331217
12/08/2014;970,5076943
13/08/2014;930,476552
14/08/2014;862,7822021
15/08/2014;843,5153692
16/08/2014;891,0207203
17/08/2014;846,5180777
18/08/2014;786,4921555
19/08/2014;829,4406174
20/08/2014;880,5010963
21/08/2014;882,2979487
22/08/2014;882,5566
23/08/2014;849,458735
24/08/2014;869,3409207
25/08/2014;855,7833932
26/08/2014;872,9780858
27/08/2014;872,5128548
28/08/2014;866,2610835
29/08/2014;868,4953818
30/08/2014;857,5924318
31/08/2014;820,8686879
01/09/2014;814,2321201
02/09/2014;810,9593584
03/09/2014;811,6338818
04/09/2014;836,8057173
05/09/2014;822,1685513
06/09/2014;826,1332828
07/09/2014;822,7349399
08/09/2014;806,7997987
09/09/2014;808,1129548
10/09/2014;817,4124013
11/09/2014;816,5868348
12/09/2014;812,1096433
13/09/2014;816,6118471
14/09/2014;816,7506834
15/09/2014;813,2662258
16/09/2014;796,4645479
17/09/2014;785,3543419
18/09/2014;733,2341797
19/09/2014;680,2144719
20/09/2014;706,2804849
21/09/2014;685,178632
22/09/2014;688,7218943
23/09/2014;746,7688196
24/09/2014;725,9928765
25/09/2014;704,7671946
26/09/2014;696,8117642
27/09/2014;688,1426984
28/09/2014;653,2935277
29/09/2014;646,2270535
30/09/2014;669,9979464
01/10/2014;659,2523706
02/10/2014;644,0672436
03/10/2014;618,411663
04/10/2014;570,6569707
05/10/2014;565,2824686
06/10/2014;571,0504028
07/10/2014;576,0868333
08/10/2014;611,7703398
09/10/2014;620,1448164
10/10/2014;618,2748965
11/10/2014;621,403416
12/10/2014;645,907032
13/10/2014;666,830649
14/10/2014;685,7847338
15/10/2014;674,9876293
16/10/2014;653,4982305
17/10/2014;654,9047858
18/10/2014;669,6544909
19/10/2014;665,5177744
20/10/2014;653,6734758
21/10/2014;659,4481674
22/10/2014;654,9217888
23/10/2014;615,3886954
24/10/2014;612,4063704
25/10/2014;598,7981198
26/10/2014;603,3437449
27/10/2014;601,4677283
28/10/2014;606,3572568
29/10/2014;575,3415051
30/10/2014;592,5155556
31/10/2014;580,3093592
01/11/2014;557,8958107
02/11/2014;558,5353241
03/11/2014;559,2707337
04/11/2014;565,9783142
05/11/2014;582,6367535
06/11/2014;599,346403
07/11/2014;588,3052524
08/11/2014;594,1750505
09/11/2014;626,2961562
10/11/2014;626,2882295
11/11/2014;630,0576452
12/11/2014;718,113982
13/11/2014;711,3082986
14/11/2014;679,0341513
15/11/2014;648,8645733
16/11/2014;666,4636129
17/11/2014;661,9370636
18/11/2014;644,9534572
19/11/2014;648,8958047
20/11/2014;614,6708548
21/11/2014;607,4608986
22/11/2014;614,5738495
23/11/2014;643,7446967
24/11/2014;661,414861
25/11/2014;661,2065398
26/11/2014;649,6113359
27/11/2014;664,4236671
28/11/2014;682,6896886
29/11/2014;676,3530477
30/11/2014;668,5640259
01/12/2014;678,7496061
02/12/2014;684,540087
03/12/2014;673,0132822
04/12/2014;663,8817424
05/12/2014;679,1039947
06/12/2014;677,0737623
07/12/2014;679,855048
08/12/2014;652,3532842
09/12/2014;640,4167612
10/12/2014;636,9236875
11/12/2014;639,1004584
12/12/2014;647,1638994
13/12/2014;642,3924733
14/12/2014;647,4933222
15/12/2014;641,554147
16/12/2014;627,0666345
17/12/2014;626,3928973
18/12/2014;620,4296192
19/12/2014;617,5576206
20/12/2014;633,464061
21/12/2014;618,1922403
22/12/2014;646,606259
23/12/2014;647,3110572
24/12/2014;625,4374702
25/12/2014;622,0424378
26/12/2014;642,5148802
27/12/2014;615,8977791
28/12/2014;617,5943186
29/12/2014;613,2030804
30/12/2014;608,6273641
31/12/2014;621,4956997
01/01/2015;616,1316473
02/01/2015;616,933306
03/01/2015;562,6183853
04/01/2015;506,8353719
05/01/2015;533,0313055
06/01/2015;554,7199529
07/01/2015;572,9841988
08/01/2015;553,4618858
09/01/2015;561,4904236
10/01/2015;531,4034287
11/01/2015;517,3586271
12/01/2015;518,0986905
13/01/2015;428,9708196
14/01/2015;342,0667067
15/01/2015;414,9526423
16/01/2015;406,1341061
17/01/2015;391,8564527
18/01/2015;408,7084755
19/01/2015;419,1765445
20/01/2015;412,8831068
21/01/2015;437,4817769
22/01/2015;451,8116458
23/01/2015;452,3410036
24/01/2015;477,5647666
25/01/2015;486,258422
26/01/2015;511,936704
27/01/2015;491,302726
28/01/2015;488,1012886
29/01/2015;442,7601018
30/01/2015;435,6643888
31/01/2015;417,903539
01/02/2015;430,5551111
02/02/2015;450,5393327
03/02/2015;424,9289777
04/02/2015;425,171371
05/02/2015;414,8990404
06/02/2015;427,4006989
07/02/2015;432,5505786
08/02/2015;424,7914831
09/02/2015;418,3590144
10/02/2015;417,8974069
11/02/2015;415,5561482
12/02/2015;421,4065701
13/02/2015;445,697676
14/02/2015;485,6408987
15/02/2015;437,4368495
16/02/2015;442,6830486
17/02/2015;454,2855419
18/02/2015;440,3476732
19/02/2015;449,7628788
20/02/2015;454,8702829
21/02/2015;454,0992297
22/02/2015;439,5756614
23/02/2015;444,7292896
24/02/2015;446,2598087
25/02/2015;444,3681395
26/02/2015;441,9755873
27/02/2015;471,6624909
28/02/2015;469,5931471
01/03/2015;473,4413865
02/03/2015;493,0892133
03/03/2015;504,4912582
04/03/2015;489,4490455
05/03/2015;498,4193516
06/03/2015;491,9397335
07/03/2015;496,2105792
08/03/2015;493,8288093
09/03/2015;519,021858
10/03/2015;517,8795216
11/03/2015;527,209257
12/03/2015;524,7979569
13/03/2015;515,6742767
14/03/2015;507,0598895
15/03/2015;512,2627461
16/03/2015;520,7797618
17/03/2015;511,1818999
18/03/2015;462,5387724
19/03/2015;469,691227
20/03/2015;471,1443887
21/03/2015;468,2508085
22/03/2015;481,942197
23/03/2015;479,466817
24/03/2015;443,300883
25/03/2015;442,6246006
26/03/2015;443,3302905
27/03/2015;443,2128512
28/03/2015;451,1114586
29/03/2015;434,3003512
30/03/2015;441,7096883
31/03/2015;435,9645292
01/04/2015;437,0940488
02/04/2015;447,5413901
03/04/2015;452,5780392
04/04/2015;452,4210414
05/04/2015;462,275882
06/04/2015;455,4570504
07/04/2015;452,6231327
08/04/2015;438,4003866
09/04/2015;435,2477173
10/04/2015;419,1259337
11/04/2015;422,0594037
12/04/2015;421,6472976
13/04/2015;400,8900332
14/04/2015;390,6881186
15/04/2015;398,0584298
16/04/2015;406,8403082
17/04/2015;397,5428806
18/04/2015;397,7921309
19/04/2015;396,9229963
20/04/2015;400,0503434
21/04/2015;417,3243734
22/04/2015;416,3200125
23/04/2015;418,7714062
24/04/2015;411,8192434
25/04/2015;403,469886
26/04/2015;389,8390302
27/04/2015;406,4563669
28/04/2015;400,9325092
29/04/2015;402,2887548
30/04/2015;419,7282765
01/05/2015;413,8612544
02/05/2015;417,8229198
03/05/2015;425,2087923
04/05/2015;423,6239985
05/05/2015;418,2944711
06/05/2015;407,9790417
07/05/2015;418,2639912
08/05/2015;429,5643759
09/05/2015;426,0419919
10/05/2015;421,9578146
11/05/2015;425,7169228
12/05/2015;425,2141411
13/05/2015;414,2606235
14/05/2015;415,4320572
15/05/2015;416,2796263
16/05/2015;414,768021
17/05/2015;413,4259142
18/05/2015;405,4536712
19/05/2015;408,1021469
20/05/2015;412,2083623
21/05/2015;414,2958956
22/05/2015;424,0628142
23/05/2015;421,7362283
24/05/2015;425,5902457
25/05/2015;419,6492565
26/05/2015;419,4687025
27/05/2015;419,8101286
28/05/2015;424,1202214
29/05/2015;427,7956212
30/05/2015;418,8472933
31/05/2015;412,1759782
01/06/2015;399,1722862
02/06/2015;404,1700529
03/06/2015;404,104152
04/06/2015;401,6024913
05/06/2015;403,4990589
06/06/2015;403,9239004
07/06/2015;400,7862357
08/06/2015;410,0379202
09/06/2015;411,3156762
10/06/2015;410,4231949
11/06/2015;411,7944691
12/06/2015;412,5752424
13/06/2015;416,5563191
14/06/2015;418,5062619
15/06/2015;425,8897857
16/06/2015;450,9443433
17/06/2015;447,3250689
18/06/2015;451,9165876
19/06/2015;446,2731759
20/06/2015;449,3640837
21/06/2015;444,5728139
22/06/2015;450,5259591
23/06/2015;445,1434389
24/06/2015;440,2945765
25/06/2015;443,8224784
26/06/2015;444,5299633
27/06/2015;459,5617627
28/06/2015;454,829751
29/06/2015;470,3657359
30/06/2015;478,1724949
01/07/2015;469,1141492
02/07/2015;463,9785672
03/07/2015;465,3771263
04/07/2015;472,5621986
05/07/2015;487,2731889
06/07/2015;482,6239269
07/07/2015;476,5071078
08/07/2015;482,7691019
09/07/2015;481,5172497
10/07/2015;506,4287137
11/07/2015;515,9337367
12/07/2015;546,4046126
13/07/2015;514,2892381
14/07/2015;507,9742748
15/07/2015;502,6469138
16/07/2015;489,0871457
17/07/2015;491,3261449
18/07/2015;485,5582962
19/07/2015;482,7118751
20/07/2015;489,1018767
21/07/2015;484,5332078
22/07/2015;486,2082104
23/07/2015;485,2297643
24/07/2015;507,010855
25/07/2015;507,5611494
26/07/2015;513,8088816
27/07/2015;516,6987238
28/07/2015;518,9445071
29/07/2015;510,1439866
30/07/2015;507,3052412
31/07/2015;501,7725984
01/08/2015;495,7627455
02/08/2015;497,3199235
03/08/2015;497,6852716
04/08/2015;501,44214
05/08/2015;496,8629824
06/08/2015;490,6135543
07/08/2015;491,737641
08/08/2015;462,0290311
09/08/2015;470,4018001
10/08/2015;468,5025371
11/08/2015;478,3924913
12/08/2015;473,8464596
13/08/2015;466,4287494
14/08/2015;469,6632522
15/08/2015;462,3041661
16/08/2015;456,9729159
17/08/2015;455,5281922
18/08/2015;448,3466261
19/08/2015;401,8157571
20/08/2015;416,8726709
21/08/2015;413,0981933
22/08/2015;407,2741622
23/08/2015;403,4735366
24/08/2015;374,2811283
25/08/2015;391,8330883
26/08/2015;399,7487346
27/08/2015;396,1847966
28/08/2015;410,0368828
29/08/2015;406,016113
30/08/2015;406,489982
31/08/2015;409,2468347
01/09/2015;404,0801321
02/09/2015;406,0111067
03/09/2015;401,4916505
04/09/2015;406,9373223
05/09/2015;417,1408353
06/09/2015;424,4065228
07/09/2015;426,7773323
08/09/2015;431,1798068
09/09/2015;421,4948679
10/09/2015;422,7319318
11/09/2015;427,358088
12/09/2015;418,106487
13/09/2015;411,8217185
14/09/2015;407,3413049
15/09/2015;408,0081333
16/09/2015;404,6783436
17/09/2015;411,7062032
18/09/2015;411,8034398
19/09/2015;409,7681291
20/09/2015;409,5525207
21/09/2015;401,1398357
22/09/2015;406,2989254
23/09/2015;404,4344664
24/09/2015;410,9542043
25/09/2015;412,4019069
26/09/2015;411,2135389
27/09/2015;408,5947652
28/09/2015;418,2355858
29/09/2015;412,1306216
30/09/2015;409,8841341
01/10/2015;411,8561234
02/10/2015;412,1737345
03/10/2015;413,8609854
04/10/2015;412,0459327
05/10/2015;413,6125274
06/10/2015;424,7360216
07/10/2015;419,7207216
08/10/2015;419,2348192
09/10/2015;421,7809021
10/10/2015;422,0201794
11/10/2015;425,6503519
12/10/2015;422,3755861
13/10/2015;428,2504553
14/10/2015;433,7159043
15/10/2015;436,8193266
16/10/2015;448,8605043
17/10/2015;460,8584393
18/10/2015;446,8851876
19/10/2015;449,9101001
20/10/2015;457,986627
21/10/2015;452,6534467
22/10/2015;464,1316154
23/10/2015;469,7869993
24/10/2015;478,534284
25/10/2015;481,7580018
26/10/2015;483,8303101
27/10/2015;499,6380453
28/10/2015;515,1496379
29/10/2015;533,1946986
30/10/2015;551,9386072
31/10/2015;528,3322314
01/11/2015;551,0198457
02/11/2015;592,196616
03/11/2015;668,5540542
04/11/2015;675,0404983
05/11/2015;646,6480107
06/11/2015;623,7264293
07/11/2015;647,075462
08/11/2015;622,6234591
09/11/2015;636,7040588
10/11/2015;565,6316323
11/11/2015;514,8560289
12/11/2015;568,1401207
13/11/2015;567,3749774
14/11/2015;557,1891441
15/11/2015;538,8542226
16/11/2015;556,5658453
17/11/2015;563,5485127
18/11/2015;564,153006
19/11/2015;547,7531007
20/11/2015;540,3750425
21/11/2015;546,7785844
22/11/2015;543,8313554
23/11/2015;542,9241084
24/11/2015;537,9033883
25/11/2015;551,2456816
26/11/2015;595,7965442
27/11/2015;600,02473
28/11/2015;595,738034
29/11/2015;619,7241967
30/11/2015;630,0401881
01/12/2015;605,8811755
02/12/2015;598,2776932
03/12/2015;602,2092502
04/12/2015;607,2092496
05/12/2015;653,3784125
06/12/2015;658,7385633
07/12/2015;659,5909838
08/12/2015;693,8833818
09/12/2015;707,1556047
10/12/2015;706,8741747
11/12/2015;763,6869969
12/12/2015;736,1522245
13/12/2015;738,6111411
14/12/2015;746,9927231
15/12/2015;777,6607506
16/12/2015;759,8633995
17/12/2015;763,4847856
18/12/2015;773,855516
19/12/2015;770,5187913
20/12/2015;736,8673608
21/12/2015;731,5974614
22/12/2015;728,5916004
23/12/2015;738,6439171
24/12/2015;757,6927476
25/12/2015;761,1649576
26/12/2015;698,2028271
27/12/2015;709,9821201
28/12/2015;704,7364358
29/12/2015;722,8862384
30/12/2015;714,7060071
31/12/2015;721,3088503
01/01/2016;725,8447563
02/01/2016;726,3114857
03/01/2016;719,7965478
04/01/2016;725,0927304
05/01/2016;723,2120471
06/01/2016;722,3530543
07/01/2016;762,0902584
08/01/2016;758,9898307
09/01/2016;750,7025485
10/01/2016;747,7693281
11/01/2016;749,6642957
12/01/2016;747,4861255
13/01/2016;725,1090225
14/01/2016;720,3236734
15/01/2016;618,8599321
16/01/2016;648,1618399
17/01/2016;652,2959814
18/01/2016;651,3733866
19/01/2016;640,9517495
20/01/2016;706,8421895
21/01/2016;688,9839945
22/01/2016;639,0213369
23/01/2016;660,8392507
24/01/2016;685,9812702
25/01/2016;671,1711766
26/01/2016;671,6884937
27/01/2016;679,0717409
28/01/2016;657,946197
29/01/2016;658,5938614
30/01/2016;653,2136986
31/01/2016;631,0688972
01/02/2016;641,1914651
02/02/2016;646,2546285
03/02/2016;640,4165657
04/02/2016;673,9102335
05/02/2016;671,0766636
06/02/2016;655,8627895
07/02/2016;661,5524689
08/02/2016;654,9139364
09/02/2016;662,9996231
10/02/2016;678,5245404
11/02/2016;686,3545995
12/02/2016;693,2243713
13/02/2016;705,8272947
14/02/2016;727,2153538
15/02/2016;720,858669
16/02/2016;725,1139161
17/02/2016;733,4231005
18/02/2016;745,1632174
19/02/2016;743,8081502
20/02/2016;776,8033956
21/02/2016;774,907899
22/02/2016;781,0530159
23/02/2016;752,4934087
24/02/2016;761,803743
25/02/2016;759,8528377
26/02/2016;765,48291
27/02/2016;776,9869633
28/02/2016;778,4525722
29/02/2016;783,8023321
01/03/2016;784,7530046
02/03/2016;780,7263242
03/03/2016;784,1081946
04/03/2016;771,4713216
05/03/2016;758,9281163
06/03/2016;772,7177731
07/03/2016;775,4785246
08/03/2016;776,9687456
09/03/2016;795,3719987
10/03/2016;796,9004511
11/03/2016;804,1512919
12/03/2016;807,5892722
13/03/2016;821,9152726
14/03/2016;803,3580813
15/03/2016;809,929928
16/03/2016;807,7106064
17/03/2016;798,6063102
18/03/2016;779,8273743
19/03/2016;774,6736379
20/03/2016;780,480914
21/03/2016;793,2023886
22/03/2016;797,5370415
23/03/2016;810,7380489
24/03/2016;795,7252087
25/03/2016;793,3168164
26/03/2016;797,961601
27/03/2016;805,6528138
28/03/2016;810,3998546
29/03/2016;799,9762679
30/03/2016;794,9156684
31/03/2016;795,3527411
01/04/2016;799,6877949
02/04/2016;804,4167204
03/04/2016;802,4726557
04/04/2016;802,7771255
05/04/2016;800,3127371
06/04/2016;799,5702942
07/04/2016;791,7305844
08/04/2016;784,9800257
09/04/2016;780,9417119
10/04/2016;776,8571591
11/04/2016;778,2017608
12/04/2016;774,5715028
13/04/2016;775,335152
14/04/2016;781,966053
15/04/2016;787,9214435
16/04/2016;793,7535333
17/04/2016;795,9913841
18/04/2016;795,9060581
19/04/2016;806,6784569
20/04/2016;814,3271706
21/04/2016;826,1569544
22/04/2016;817,8766459
23/04/2016;829,8671963
24/04/2016;839,0804878
25/04/2016;838,4134426
26/04/2016;844,072327
27/04/2016;809,5110845
28/04/2016;813,1216328
29/04/2016;827,1609162
30/04/2016;825,2462048
01/05/2016;832,6903395
02/05/2016;830,2607378
03/05/2016;832,3392956
04/05/2016;827,8229153
05/05/2016;833,460641
06/05/2016;850,0404871
07/05/2016;848,03245
08/05/2016;849,0739955
09/05/2016;851,7893358
10/05/2016;832,3675308
11/05/2016;840,7767616
12/05/2016;845,8216486
13/05/2016;852,3605501
14/05/2016;848,6353046
15/05/2016;850,9476333
16/05/2016;855,9624093
17/05/2016;859,9882109
18/05/2016;871,550434
19/05/2016;862,2698638
20/05/2016;857,2533685
21/05/2016;862,1553945
22/05/2016;857,4700209
23/05/2016;856,5260357
24/05/2016;855,8614183
25/05/2016;858,780831
26/05/2016;865,5795641
27/05/2016;888,6159885
28/05/2016;978,1436883
29/05/2016;977,6138348
30/05/2016;996,8473052
31/05/2016;1003,406596
01/06/2016;1015,833418
02/06/2016;1014,386464
03/06/2016;1065,334233
04/06/2016;1069,106984
05/06/2016;1072,651079
06/06/2016;1090,48994
07/06/2016;1083,245493
08/06/2016;1091,160507
09/06/2016;1083,281218
10/06/2016;1082,281252
11/06/2016;1112,068572
12/06/2016;1243,383927
13/06/2016;1310,072692
14/06/2016;1296,677201
15/06/2016;1306,199762
16/06/2016;1439,113876
17/06/2016;1371,910381
18/06/2016;1350,866288
19/06/2016;1373,788192
20/06/2016;1322,653255
21/06/2016;1218,243126
22/06/2016;1096,956951
23/06/2016;1155,34145
24/06/2016;1221,102678
25/06/2016;1231,776653
26/06/2016;1170,375668
27/06/2016;1206,820676
28/06/2016;1193,747514
29/06/2016;1180,85834
30/06/2016;1239,826555
01/07/2016;1242,235657
02/07/2016;1262,380801
03/07/2016;1217,462635
04/07/2016;1239,370821
05/07/2016;1211,112716
06/07/2016;1224,397687
07/07/2016;1159,06773
08/07/2016;1216,654059
09/07/2016;1195,783608
10/07/2016;1190,892686
11/07/2016;1188,852051
12/07/2016;1239,586917
13/07/2016;1229,735417
14/07/2016;1235,705821
15/07/2016;1247,61395
16/07/2016;1246,378147
17/07/2016;1265,114372
18/07/2016;1250,042974
19/07/2016;1269,526398
20/07/2016;1270,336452
21/07/2016;1260,791779
22/07/2016;1253,866396
23/07/2016;1245,837312
24/07/2016;1243,112401
25/07/2016;1239,271069
26/07/2016;1210,316574
27/07/2016;1227,020803
28/07/2016;1226,432481
29/07/2016;1225,324032
30/07/2016;1221,685342
31/07/2016;1165,465845
01/08/2016;1127,186082
02/08/2016;960,6878815
03/08/2016;1057,894105
04/08/2016;1081,29724
05/08/2016;1082,595007
06/08/2016;1101,544993
07/08/2016;1109,679812
08/08/2016;1108,294307
09/08/2016;1107,032424
10/08/2016;1115,609387
11/08/2016;1108,324875
12/08/2016;1107,772747
13/08/2016;1101,952032
14/08/2016;1077,988144
15/08/2016;1071,91455
16/08/2016;1079,674668
17/08/2016;1075,403652
18/08/2016;1077,363329
19/08/2016;1079,514918
20/08/2016;1096,879161
21/08/2016;1091,980299
22/08/2016;1100,62125
23/08/2016;1093,796782
24/08/2016;1087,316217
25/08/2016;1084,702393
26/08/2016;1086,989291
27/08/2016;1070,626383
28/08/2016;1081,025452
29/08/2016;1084,088705
30/08/2016;1089,600795
31/08/2016;1084,426512
01/09/2016;1087,983854
02/09/2016;1094,368938
03/09/2016;1126,585796
04/09/2016;1148,865607
05/09/2016;1147,505972
06/09/2016;1150,299078
07/09/2016;1155,586964
08/09/2016;1171,064468
09/09/2016;1166,933452
10/09/2016;1174,292083
11/09/2016;1138,467583
12/09/2016;1142,065981
13/09/2016;1143,32255
14/09/2016;1147,266234
15/09/2016;1147,982998
16/09/2016;1151,154428
17/09/2016;1150,567716
18/09/2016;1151,978183
19/09/2016;1159,292297
20/09/2016;1167,288831
21/09/2016;1141,187514
22/09/2016;1137,223078
23/09/2016;1150,821833
24/09/2016;1148,39329
25/09/2016;1148,102603
26/09/2016;1155,012769
27/09/2016;1154,576179
28/09/2016;1158,443273
29/09/2016;1156,743445
30/09/2016;1163,354408
01/10/2016;1167,07279
02/10/2016;1162,33881
03/10/2016;1166,286967
04/10/2016;1158,600206
05/10/2016;1158,426579
06/10/2016;1155,859595
07/10/2016;1160,98988
08/10/2016;1157,842852
09/10/2016;1154,657599
10/10/2016;1152,025177
11/10/2016;1194,021046
12/10/2016;1185,108836
13/10/2016;1184,416912
14/10/2016;1191,98446
15/10/2016;1187,312597
16/10/2016;1192,748683
17/10/2016;1187,25737
18/10/2016;1189,742532
19/10/2016;1174,961866
20/10/2016;1177,666844
21/10/2016;1180,371569
22/10/2016;1214,356197
23/10/2016;1210,78025
24/10/2016;1208,36687
25/10/2016;1207,91755
26/10/2016;1241,735674
27/10/2016;1255,123936
28/10/2016;1262,240381
29/10/2016;1287,900149
30/10/2016;1270,016005
31/10/2016;1268,63125
01/11/2016;1314,64956
02/11/2016;1322,926391
03/11/2016;1247,23296
04/11/2016;1277,208992
05/11/2016;1283,136212
06/11/2016;1294,23753
07/11/2016;1284,188215
08/11/2016;1289,560016
09/11/2016;1305,788432
10/11/2016;1292,361537
11/11/2016;1296,024779
12/11/2016;1272,274569
13/11/2016;1274,646216
14/11/2016;1279,140946
15/11/2016;1289,726401
16/11/2016;1331,268352
17/11/2016;1325,900894
18/11/2016;1337,00649
19/11/2016;1341,861116
20/11/2016;1305,256941
21/11/2016;1318,991448
22/11/2016;1339,604622
23/11/2016;1326,891422
24/11/2016;1314,688779
25/11/2016;1318,36293
26/11/2016;1310,045278
27/11/2016;1301,211145
28/11/2016;1305,310547
29/11/2016;1298,899128
30/11/2016;1320,795879
01/12/2016;1335,312753
02/12/2016;1355,596019
03/12/2016;1348,77674
04/12/2016;1346,416818
05/12/2016;1317,102757
06/12/2016;1335,194882
07/12/2016;1350,218178
08/12/2016;1360,359189
09/12/2016;1364,854831
10/12/2016;1364,589829
11/12/2016;1359,156601
12/12/2016;1377,364975
13/12/2016;1376,216363
14/12/2016;1371,250179
15/12/2016;1368,747782
16/12/2016;1379,734194
17/12/2016;1389,66582
18/12/2016;1391,78965
19/12/2016;1393,064098
20/12/2016;1407,188626
21/12/2016;1450,613045
22/12/2016;1498,952869
23/12/2016;1588,457862
24/12/2016;1551,076176
25/12/2016;1554,474914
26/12/2016;1568,79067
27/12/2016;1612,196501
28/12/2016;1694,928115
29/12/2016;1695,375091
30/12/2016;1680,169704
31/12/2016;1688,617567
01/01/2017;1737,415591
02/01/2017;1777,585922
03/01/2017;1815,817644
04/01/2017;1987,19312
05/01/2017;1751,581785
06/01/2017;1593,464083
07/01/2017;1598,931487
08/01/2017;1616,232233
09/01/2017;1607,697761
10/01/2017;1619,516888
11/01/2017;1410,373237
12/01/2017;1438,008742
13/01/2017;1477,265662
14/01/2017;1469,408086
15/01/2017;1475,927448
16/01/2017;1486,615191
17/01/2017;1613,846449
18/01/2017;1564,328999
19/01/2017;1604,517307
20/01/2017;1596,867672
21/01/2017;1645,850845
22/01/2017;1642,997961
23/01/2017;1644,033082
24/01/2017;1585,632276
25/01/2017;1598,356644
26/01/2017;1636,745618
27/01/2017;1640,557501
28/01/2017;1645,550408
29/01/2017;1635,471486
30/01/2017;1650,142729
31/01/2017;1726,512763
01/02/2017;1757,550234
02/02/2017;1793,862495
03/02/2017;1805,894962
04/02/2017;1838,746924
05/02/2017;1811,027108
06/02/2017;1824,051393
07/02/2017;1869,778414
08/02/2017;1874,801064
09/02/2017;1749,557673
10/02/2017;1770,233166
11/02/2017;1802,849261
12/02/2017;1785,536988
13/02/2017;1777,551944
14/02/2017;1816,971845
15/02/2017;1815,234639
16/02/2017;1856,113859
17/02/2017;1890,038525
18/02/2017;1893,073379
19/02/2017;1885,245268
20/02/2017;1930,235892
21/02/2017;2001,011344
22/02/2017;1997,060932
23/02/2017;2103,62325
24/02/2017;2094,782904
25/02/2017;2047,808366
26/02/2017;2108,334576
27/02/2017;2135,827828
28/02/2017;2134,476475
01/03/2017;2215,227432
02/03/2017;2291,562039
03/03/2017;2345,507426
04/03/2017;2300,942608
05/03/2017;2317,541299
06/03/2017;2332,025534
07/03/2017;2248,391678
08/03/2017;2090,558155
09/03/2017;2172,778481
10/03/2017;2037,310122
11/03/2017;2206,020879
12/03/2017;2305,094901
13/03/2017;2375,375331
14/03/2017;2390,494307
15/03/2017;2469,096568
16/03/2017;2445,149731
17/03/2017;2251,305762
18/03/2017;1977,231594
19/03/2017;2183,457377
20/03/2017;2180,848486
21/03/2017;2306,76126
22/03/2017;2182,747341
23/03/2017;2192,294259
24/03/2017;2119,584593
25/03/2017;2150,213194
26/03/2017;2126,429602
27/03/2017;2255,370147
28/03/2017;2274,159845
29/03/2017;2287,400008
30/03/2017;2298,285798
31/03/2017;2373,523009
01/04/2017;2393,698718
02/04/2017;2514,041781
03/04/2017;2458,333487
04/04/2017;2465,448703
05/04/2017;2503,753756
06/04/2017;2558,887114
07/04/2017;2558,873333
08/04/2017;2566,78912
09/04/2017;2569,966759
10/04/2017;2591,44745
11/04/2017;2614,805563
12/04/2017;2641,438344
13/04/2017;2601,977407
14/04/2017;2597,485282
15/04/2017;2610,940695
16/04/2017;2614,743913
17/04/2017;2644,034824
18/04/2017;2681,231545
19/04/2017;2654,447674
20/04/2017;2723,446755
21/04/2017;2729,839298
22/04/2017;2729,593503
23/04/2017;2743,754497
24/04/2017;2753,620474
25/04/2017;2778,740113
26/04/2017;2855,879138
27/04/2017;3022,018828
28/04/2017;3126,650667
29/04/2017;3174,96872
30/04/2017;3279,401557
01/05/2017;3332,326765
02/05/2017;3393,758248
03/05/2017;3547,618448
04/05/2017;3783,459057
05/05/2017;3850,648383
06/05/2017;4030,507623
07/05/2017;4170,183366
08/05/2017;4502,155158
09/05/2017;4428,155178
10/05/2017;4612,844658
11/05/2017;4687,249195
12/05/2017;4605,278094
13/05/2017;4722,396443
14/05/2017;4798,105983
15/05/2017;4809,959454
16/05/2017;4809,959454
17/05/2017;5491,978204
18/05/2017;5672,18302
19/05/2017;5997,808228
20/05/2017;6194,483501
21/05/2017;6480,957443
22/05/2017;6520,295185
23/05/2017;7153,138129
24/05/2017;7518,10555
25/05/2017;6928,013758
26/05/2017;6619,194665
27/05/2017;6083,235315
28/05/2017;6522,083546
29/05/2017;6863,330548
30/05/2017;6868,993716
31/05/2017;7313,223775
01/06/2017;7787,903648
02/06/2017;7940,360402
03/06/2017;7975,585629
04/06/2017;8246,037891
05/06/2017;8594,798119
06/06/2017;9073,520371
07/06/2017;8589,570359
08/06/2017;8893,548384
09/06/2017;9092,978335
10/06/2017;9636,301089
11/06/2017;9944,817377
12/06/2017;9732,891486
13/06/2017;9868,508772
14/06/2017;9067,913157
15/06/2017;8879,28907
16/06/2017;9162,902799
17/06/2017;9741,479719
18/06/2017;9487,431551
19/06/2017;9736,022248
20/06/2017;10024,29445
21/06/2017;9510,895953
22/06/2017;9545,910285
23/06/2017;9736,267638
24/06/2017;9239,952616
25/06/2017;8932,880649
26/06/2017;8299,52413
27/06/2017;8566,338169
28/06/2017;9044,482529
29/06/2017;8791,333193
30/06/2017;8471,914468
01/07/2017;8094,944699
02/07/2017;8475,134436
03/07/2017;8560,348103
04/07/2017;8594,197893
05/07/2017;8550,877834
06/07/2017;8553,752625
07/07/2017;7951,656711
08/07/2017;8130,531826
09/07/2017;7917,250716
10/07/2017;7136,984065
11/07/2017;6875,790368
12/07/2017;7393,320375
13/07/2017;7146,693881
14/07/2017;6736,247492
15/07/2017;6032,488712
16/07/2017;5623,179906
17/07/2017;6531,017101
18/07/2017;7164,820328
19/07/2017;6714,146519
20/07/2017;7905,069245
21/07/2017;7692,374026
22/07/2017;8198,274529
23/07/2017;8002,204611
24/07/2017;8033,30774
25/07/2017;7395,440267
26/07/2017;7247,405886
27/07/2017;7500,814913
28/07/2017;7818,24689
29/07/2017;7588,339329
30/07/2017;7476,493672
31/07/2017;7768,842015
01/08/2017;7850,188933
02/08/2017;7728,258095
03/08/2017;7950,68222
04/08/2017;8046,949453
05/08/2017;9031,68124
06/08/2017;9028,204969
07/08/2017;9400,209729
08/08/2017;9823,91339
09/08/2017;9675,119116
10/08/2017;9724,775687
11/08/2017;10143,83472
12/08/2017;10506,97468
13/08/2017;10730,41976
14/08/2017;10996,69307
15/08/2017;10841,25679
16/08/2017;11178,88397
17/08/2017;11461,10211
18/08/2017;10825,76524
19/08/2017;10908,49895
20/08/2017;10786,31674
21/08/2017;11044,57813
22/08/2017;11245,48521
23/08/2017;11462,22627
24/08/2017;11564,37369
25/08/2017;11725,91628
26/08/2017;11694,48995
27/08/2017;11794,96119
28/08/2017;12058,48002
29/08/2017;12495,41178
30/08/2017;12967,58326
31/08/2017;13429,87437
01/09/2017;13808,64474
02/09/2017;12697,92575
03/09/2017;12906,76591
04/09/2017;11664,57768
05/09/2017;12168,50941
06/09/2017;12676,01669
07/09/2017;12563,53995
08/09/2017;11712,46071
09/09/2017;11575,23722
10/09/2017;11274,79004
11/09/2017;11404,71412
12/09/2017;11275,29239
13/09/2017;10679,09454
14/09/2017;8414,229044
15/09/2017;9689,39634
16/09/2017;9692,35801
17/09/2017;9534,629771
18/09/2017;10885,06266
19/09/2017;10707,75546
20/09/2017;10617,02311
21/09/2017;9921,039778
22/09/2017;9819,529171
23/09/2017;10486,47192
24/09/2017;10614,3014
25/09/2017;10998,04874
26/09/2017;10782,65852
27/09/2017;11366,70984
28/09/2017;11058,24492
29/09/2017;10962,45445
30/09/2017;11351,10731
01/10/2017;11446,25358
02/10/2017;11443,18063
03/10/2017;11269,10546
04/10/2017;11097,64041
05/10/2017;11261,46929
06/10/2017;11471,4909
07/10/2017;11611,42932
08/10/2017;11894,59466
09/10/2017;11895,33619
10/10/2017;12025,67707
11/10/2017;12130,89593
12/10/2017;12843,38558
13/10/2017;13656,60741
14/10/2017;13755,63413
15/10/2017;13778,89211
16/10/2017;13787,9659
17/10/2017;13508,31173
18/10/2017;13334,0485
19/10/2017;13392,08601
20/10/2017;13681,07088
21/10/2017;13776,53292
22/10/2017;13661,53782
23/10/2017;13498,83297
24/10/2017;13060,16602
25/10/2017;13269,61142
26/10/2017;13499,62767
27/10/2017;13401,49457
28/10/2017;13384,0713
29/10/2017;14120,67111
30/10/2017;14128,95835
31/10/2017;14449,91273
01/11/2017;14869,46128
02/11/2017;15414,63154
03/11/2017;15880,48926
04/11/2017;15970,58528
05/11/2017;16013,31679
06/11/2017;15659,3479
07/11/2017;15772,90539
08/11/2017;16507,90108
09/11/2017;16446,62962
10/11/2017;15757,68675
11/11/2017;16115,4187
12/11/2017;15572,37612
13/11/2017;16177,24516
14/11/2017;16735,34732
15/11/2017;17597,77305
16/11/2017;17895,23672
17/11/2017;18354,36197
18/11/2017;18695,30912
19/11/2017;18905,10396
20/11/2017;19465,44935
21/11/2017;19168,40772
22/11/2017;19878,16303
23/11/2017;20410,34226
24/11/2017;21194,79377
25/11/2017;21905,81003
26/11/2017;22919,62122
27/11/2017;23907,72668
28/11/2017;24760,17497
29/11/2017;22897,33783
30/11/2017;24251,7514
01/12/2017;25927,54245
02/12/2017;25874,83554
03/12/2017;26167,41196
04/12/2017;27655,83851
05/12/2017;28773,2363
06/12/2017;30382,40255
07/12/2017;37055,04575
08/12/2017;35770,83609
09/12/2017;33264,96143
10/12/2017;33368,48
11/12/2017;36621,45502
12/12/2017;39636,24926
13/12/2017;39402,84099
14/12/2017;41990,06991
15/12/2017;43101,33917
16/12/2017;46296,36243
17/12/2017;46807,97194
18/12/2017;48795,65841
19/12/2017;49205,10296
20/12/2017;48494,25505
21/12/2017;47949,28581
22/12/2017;40537,65707
23/12/2017;44805,40925
24/12/2017;42768,68179
25/12/2017;42875,22529
26/12/2017;47440,63791
27/12/2017;47111,28421
28/12/2017;44592,60315
29/12/2017;48048,23896
30/12/2017;44812,19088
31/12/2017;48365,44489
01/01/2018;47588,09681
02/01/2018;51843,04291
03/01/2018;56888,01301
04/01/2018;58500,8183
05/01/2018;58899,68348
06/01/2018;62895,25939
07/01/2018;62848,82399
08/01/2018;57504,48488
09/01/2018;57166,86602
10/01/2018;56403,97559
11/01/2018;51050,86457
12/01/2018;55542,84586
13/01/2018;57821,91428
14/01/2018;54769,62015
15/01/2018;52535,52603
16/01/2018;40778,26805
17/01/2018;40692,53904
18/01/2018;42348,09815
19/01/2018;42675,47842
20/01/2018;47623,77815
21/01/2018;41822,08255
22/01/2018;39294,88978
23/01/2018;39023,13863
24/01/2018;40651,45077
25/01/2018;40621,42797
26/01/2018;39776,82789
27/01/2018;41243,26254
28/01/2018;43686,10855
29/01/2018;41566,84607
30/01/2018;41288,77912
31/01/2018;36777,1191
01/02/2018;37667,68313
02/02/2018;33370,50543
03/02/2018;31452,83534
04/02/2018;32465,31762
05/02/2018;29516,75724
06/02/2018;24039,06858
07/02/2018;27411,28287
08/02/2018;26497,8278
09/02/2018;28990,84918
10/02/2018;31198,67834
11/02/2018;31282,48985
12/02/2018;29718,34312
13/02/2018;32006,79571
14/02/2018;30889,20396
15/02/2018;34142,12374
16/02/2018;35447,94334
17/02/2018;35814,37807
18/02/2018;37914,44971
19/02/2018;35841,86338
20/02/2018;37130,18792
21/02/2018;36983,0935
22/02/2018;36690,59834
23/02/2018;32399,78765
24/02/2018;33774,23807
25/02/2018;32015,47341
26/02/2018;32282,40118
27/02/2018;33724,08675
28/02/2018;34345,64498
01/03/2018;33050,14601
02/03/2018;34186,74082
03/03/2018;34373,0474
04/03/2018;34542,5149
05/03/2018;34851,2297
06/03/2018;34946,61018
07/03/2018;32911,62332
08/03/2018;30696,70095
09/03/2018;28823,83893
10/03/2018;28802,07962
11/03/2018;27605,30285
12/03/2018;29277,38383
13/03/2018;28409,14445
14/03/2018;28246,69759
15/03/2018;25265,76598
16/03/2018;25339,2001
19/03/2018;24045,88733
20/03/2018;25844,71714
21/03/2018;25568,26647
22/03/2018;24605,12347
23/03/2018;24479,69443
26/03/2018;22307,11142
27/03/2018;22083,11289
28/03/2018;21963,76525
29/03/2018;20220,68168
30/03/2018;18839,69527
02/04/2018;19176,45324
03/04/2018;20598,23576
04/04/2018;18937,50459
05/04/2018;18696,52879
06/04/2018;18244,98425
09/04/2018;18628,11295
10/04/2018;19218,26292
11/04/2018;19646,24201
12/04/2018;21868,48986
13/04/2018;23508,94968
16/04/2018;23240,35416
17/04/2018;23222,10993
18/04/2018;24238,97203
19/04/2018;25255,83413
20/04/2018;26918,84583
23/04/2018;28219,00019
24/04/2018;30818,04195
25/04/2018;28480,75413
26/04/2018;28257,26238
27/04/2018;29246,50476
30/04/2018;30237,77426
01/05/2018;29153,76328
02/05/2018;30004,65362
03/05/2018;31918,52341
04/05/2018;32095,89781
07/05/2018;31417,82081
08/05/2018;30780,53993
09/05/2018;30851,2363
10/05/2018;30101,70276
11/05/2018;28003,61699
14/05/2018;28921,65621
15/05/2018;27941,78934
16/05/2018;26951,28001
17/05/2018;26590,95658
18/05/2018;26775,17257
21/05/2018;27159,56824
22/05/2018;26267,62839
23/05/2018;23845,20086
24/05/2018;24138,37541
25/05/2018;23523,13963
28/05/2018;22352,46858
29/05/2018;23440,78723
30/05/2018;22828,33876
31/05/2018;23805,9251
01/06/2018;23524,40659
04/06/2018;24154,84589
05/06/2018;24721,68379
06/06/2018;24286,10294
07/06/2018;24805,80994
08/06/2018;24526,57195
11/06/2018;21126,81148
12/06/2018;20123,63254
13/06/2018;19286,67876
14/06/2018;20858,21595
15/06/2018;20320,26474
18/06/2018;20723,41141
19/06/2018;21083,48144
20/06/2018;20994,28746
21/06/2018;20730,25299
22/06/2018;18872,38284
25/06/2018;18645,34361
26/06/2018;18110,4331
27/06/2018;18020,22554
28/06/2018;17849,94612
29/06/2018;17034,78405
02/07/2018;19632,30545
03/07/2018;19490,40593
04/07/2018;19777,49907
05/07/2018;19150,35387
06/07/2018;19246,13604
09/07/2018;19514,73157
10/07/2018;18299,71692
11/07/2018;18188,22444
12/07/2018;17750,36306
13/07/2018;17789,63882
16/07/2018;19591,76273
17/07/2018;21111,10117
18/07/2018;21027,98859
19/07/2018;20812,60539
20/07/2018;20128,44699
23/07/2018;20865,56432
24/07/2018;22143,67358
25/07/2018;21971,11362
26/07/2018;22161,9178
27/07/2018;21919,92844
30/07/2018;21476,23904
31/07/2018;20514,86979
01/08/2018;20034,43856
02/08/2018;19759,76163
03/08/2018;19549,19288
06/08/2018;18623,80529
07/08/2018;18526,75615
08/08/2018;16634,42469
09/08/2018;16904,03378
10/08/2018;16619,72795
13/08/2018;15299,55563
14/08/2018;14548,24835
15/08/2018;15447,28316
16/08/2018;15623,644
17/08/2018;16098,24722
20/08/2018;15761,23585
21/08/2018;15551,17389
22/08/2018;15405,72688
23/08/2018;15425,49145
24/08/2018;15890,46577
27/08/2018;16176,79874
28/08/2018;17183,01837
29/08/2018;16882,74885
30/08/2018;16303,24134
31/08/2018;16914,92963
03/09/2018;17634,56292
04/09/2018;17572,73527
05/09/2018;15963,44267
06/09/2018;15017,27694
07/09/2018;14822,1651
10/09/2018;14203,63522
11/09/2018;13866,11708
12/09/2018;13909,44711
13/09/2018;14537,85927
14/09/2018;14844,46359
17/09/2018;14022,20655
18/09/2018;14342,49404
19/09/2018;14609,06243
20/09/2018;14795,81233
21/09/2018;16411,69312
24/09/2018;15889,7056
25/09/2018;14984,33598
26/09/2018;15585,12841
27/09/2018;16223,92965
28/09/2018;16043,26115
01/10/2018;15878,04957
02/10/2018;15816,47531
03/10/2018;15443,73568
04/10/2018;15814,44817
05/10/2018;15708,27693
08/10/2018;15975,85888
09/10/2018;15807,3532
10/10/2018;15680,91059
11/10/2018;14542,67372
12/10/2018;14564,21204
15/10/2018;15014,99641
16/10/2018;15185,27584
17/10/2018;15186,03601
18/10/2018;15021,5846
19/10/2018;15006,12769
22/10/2018;15021,07782
23/10/2018;15040,8424
24/10/2018;15071,24944
25/10/2018;15031,46689
26/10/2018;15003,84716
29/10/2018;14531,52447
30/10/2018;14541,66015
31/10/2018;14702,31068
01/11/2018;14730,69059
02/11/2018;14943,79326
05/11/2018;15337,31104
06/11/2018;15673,81561
07/11/2018;15846,12217
08/11/2018;15550,41371
09/11/2018;15286,88603
12/11/2018;15271,42912
13/11/2018;15136,62457
14/11/2018;13025,8692
15/11/2018;13040,31255
16/11/2018;13006,61141
19/11/2018;11587,8696
20/11/2018;10197,0009
21/11/2018;10449,37934
22/11/2018;10370,32103
23/11/2018;9790,560135
26/11/2018;8514,478018
27/11/2018;8595,056674
28/11/2018;9944,622471
29/11/2018;9544,26311
30/11/2018;9072,953988
03/12/2018;8716,684834
04/12/2018;8752,413107
05/12/2018;8406,026241
06/12/2018;8068,761488
07/12/2018;7400,059997
10/12/2018;7530,81027
11/12/2018;7379,788637
12/12/2018;7610,121966
13/12/2018;7154,523148
14/12/2018;6964,985931
17/12/2018;7956,002047
18/12/2018;7879,731055
19/12/2018;8465,066577
20/12/2018;8917,117907
21/12/2018;8687,291362
24/12/2018;9509,041622
25/12/2018;8956,393667
26/12/2018;8876,321795
27/12/2018;8331,022209
28/12/2018;9232,084164
31/12/2018;8705,535586
01/01/2019;8918,891651
02/01/2019;9368,409061
03/01/2019;9119,831508
04/01/2019;9142,383396
07/01/2019;9517,403558
08/01/2019;9484,715989
09/01/2019;9469,259077
10/01/2019;8476,722609
11/01/2019;8501,555026
14/01/2019;8568,703906
15/01/2019;8258,805489
16/01/2019;8342,678241
17/01/2019;8420,722977
18/01/2019;8339,637537
21/01/2019;8161,756352
22/01/2019;8305,176225
23/01/2019;8175,43952
24/01/2019;8248,923201
25/01/2019;8182,534496
28/01/2019;7714,266078
29/01/2019;7685,125998
30/01/2019;7898,735455
31/01/2019;7853,885071
01/02/2019;7891,133695
04/02/2019;7827,532303
05/02/2019;7826,518735
06/02/2019;7670,682654
07/02/2019;7673,216574
08/02/2019;8371,818321
11/02/2019;8328,741681
12/02/2019;8395,383777
13/02/2019;8270,968305
14/02/2019;8269,954737
15/02/2019;8266,660641
18/02/2019;9138,075732
19/02/2019;9305,061061
20/02/2019;9332,680789
21/02/2019;9182,926116
22/02/2019;9307,088197
25/02/2019;9004,284756
26/02/2019;8904,955091
27/02/2019;8677,409074
28/02/2019;8917,624691
01/03/2019;9001,244052
04/03/2019;8608,233058
05/03/2019;8991,361763
06/03/2019;9011,886516
07/03/2019;9077,261652
08/03/2019;9112,736532
11/03/2019;8930,294291
12/03/2019;8971,090403
13/03/2019;8968,049699
14/03/2019;8960,447939
15/03/2019;9142,636788
18/03/2019;9234,1113
19/03/2019;9306,834805
20/03/2019;9335,721493
21/03/2019;9201,17034
22/03/2019;9257,676757
25/03/2019;9032,918052
26/03/2019;9064,085268
27/03/2019;9353,458933
28/03/2019;9340,789333
29/03/2019;9502,200037
01/04/2019;9574,67015
02/04/2019;10998,98659
03/04/2019;11991,01627
04/04/2019;11061,57441
05/04/2019;11610,67488
08/04/2019;12039,66754
09/04/2019;12064,49995
10/04/2019;12481,32979
11/04/2019;11564,30414
12/04/2019;11523,76142
15/04/2019;11354,24217
16/04/2019;11791,34337
17/04/2019;11883,83145
18/04/2019;12088,3188
19/04/2019;12067,79405
22/04/2019;12156,48125
23/04/2019;12476,00856
24/04/2019;11987,97557
25/04/2019;12100,22822
26/04/2019;11398,83916
29/04/2019;11497,91544
30/04/2019;11777,15342
01/05/2019;11868,88133
02/05/2019;12034,09291
03/05/2019;12651,86261
06/05/2019;12732,69466
07/05/2019;12842,92018
08/05/2019;12850,26855
09/05/2019;13081,86884
10/05/2019;13668,9781
13/05/2019;16519,13133
14/05/2019;16591,09466
15/05/2019;17886,68796
16/05/2019;17454,90799
17/05/2019;15770,35797
20/05/2019;17156,919
21/05/2019;17610,49068
22/05/2019;17390,29303
23/05/2019;16919,74408
24/05/2019;17643,68503
27/05/2019;19396,90428
28/05/2019;19244,61569
29/05/2019;19292,50678
30/05/2019;19008,96113
31/05/2019;18652,43859
03/06/2019;18821,95783
04/06/2019;16705,88123
05/06/2019;17198,47528
06/06/2019;16771,76315
07/06/2019;17574,00223
10/06/2019;17630,50865
11/06/2019;17535,48665
12/06/2019;18081,03962
13/06/2019;18218,63148
14/06/2019;18413,99671
17/06/2019;20232,08432
18/06/2019;19675,38209
19/06/2019;19912,30361
20/06/2019;20540,96917
21/06/2019;21461,54231
24/06/2019;23171,17814
25/06/2019;23832,02448
26/06/2019;27933,93419
27/06/2019;22310,40551
28/06/2019;24924,144
01/07/2019;21291,51628
02/07/2019;22134,80486
03/07/2019;22985,18841
04/07/2019;23853,81619
05/07/2019;22652,9915
08/07/2019;24593,46744
09/07/2019;24841,28482
10/07/2019;23730,41429
11/07/2019;22736,61086
12/07/2019;22853,67796
15/07/2019;20968,69487
16/07/2019;18702,10342
17/07/2019;18968,6718
18/07/2019;20522,21816
19/07/2019;20224,98934
22/07/2019;19727,83424
23/07/2019;19886,45763
24/07/2019;19066,22772
25/07/2019;19330,0088
26/07/2019;19513,46461
29/07/2019;18628,61974
30/07/2019;18949,92079
31/07/2019;19597,08397
01/08/2019;20066,87274
02/08/2019;20208,77226
05/08/2019;22382,62223
06/08/2019;22117,06742
07/08/2019;22234,8947
08/08/2019;21756,23721
09/08/2019;21963,25847
12/08/2019;21511,46053
13/08/2019;20682,6153
14/08/2019;19074,84305
15/08/2019;19013,77558
16/08/2019;19656,37769
19/08/2019;20120,84523
20/08/2019;20106,90867
21/08/2019;19016,81628
22/08/2019;19218,76971
23/08/2019;19639,14704
26/08/2019;19321,64686
27/08/2019;19086,75248
28/08/2019;18034,4155
29/08/2019;17775,95565
30/08/2019;17904,67879
02/09/2019;18938,51815
03/09/2019;19675,1287
04/09/2019;19717,69856
05/09/2019;19317,84598
06/09/2019;19034,55372
09/09/2019;19189,88302
10/09/2019;18651,17163
11/09/2019;18712,74588
12/09/2019;19112,85185
13/09/2019;18933,9571
16/09/2019;18983,36854
17/09/2019;19551,98019
18/09/2019;19515,74513
19/09/2019;19634,83937
20/09/2019;19407,54675
23/09/2019;18693,99487
24/09/2019;16130,428
25/09/2019;15783,53435
26/09/2019;15344,6594
27/09/2019;15160,69681
30/09/2019;15755,66123
01/10/2019;15773,65206
02/10/2019;15727,53472
03/10/2019;15479,71734
04/10/2019;15636,82038
07/10/2019;15774,41224
08/10/2019;15643,15518
09/10/2019;16506,46173
10/10/2019;16410,93294
11/10/2019;15892,99969
14/10/2019;16042,24758
15/10/2019;15675,58936
16/10/2019;15255,21203
17/10/2019;15495,68104
18/10/2019;15299,80902
21/10/2019;15721,45331
22/10/2019;15640,36787
23/10/2019;14367,57985
24/10/2019;14451,95939
25/10/2019;16533,06789
28/10/2019;17816,75177
29/10/2019;17630,50865
30/10/2019;17544,35537
31/10/2019;17558,54532
01/11/2019;17433,36967
04/11/2019;18006,54238
05/11/2019;17881,36673
06/11/2019;17796,98719
07/11/2019;17525,09757
08/11/2019;16868,81229
11/11/2019;16780,37848
12/11/2019;16891,36418
13/11/2019;16824,2153
14/11/2019;16621,5017
15/11/2019;16235,58568
18/11/2019;15724,24062
19/11/2019;15522,2872
20/11/2019;15479,21056
21/11/2019;14485,91391
22/11/2019;13990,27916
25/11/2019;13608,16402
26/11/2019;13580,79769
27/11/2019;14355,92382
28/11/2019;14386,33086
29/11/2019;14667,08919
02/12/2019;13836,977
03/12/2019;13855,9814
04/12/2019;13694,82409
05/12/2019;13972,79511
06/12/2019;14053,12038
09/12/2019;13794,40714
10/12/2019;13628,18199
11/12/2019;13550,39065
12/12/2019;13715,34884
13/12/2019;13710,53439
16/12/2019;12875,10096
17/12/2019;12239,59382
18/12/2019;13236,69135
19/12/2019;13229,34298
20/12/2019;13360,60004
23/12/2019;13660,61617
24/12/2019;13353,25167
25/12/2019;13356,29237
26/12/2019;13394,80796
27/12/2019;13354,26524
30/12/2019;13500,21903
31/12/2019;13275,96711
01/01/2020;13439,91173
02/01/2020;12906,01479
03/01/2020;13634,77018
06/01/2020;14210,98359
07/01/2020;15197,94544
08/01/2020;14846,74412
09/01/2020;14436,50247
10/01/2020;15043,37632
13/01/2020;15210,10825
14/01/2020;16412,70669
15/01/2020;16666,35208
16/01/2020;16513,8101
17/01/2020;16844,74005
20/01/2020;16432,47126
21/01/2020;16563,47493
22/01/2020;16429,68395
23/01/2020;15810,90069
24/01/2020;16025,01693
27/01/2020;17002,09648
28/01/2020;17139,94173
29/01/2020;17719,19585
30/01/2020;18173,02092
31/01/2020;17669,78441
03/02/2020;17817,76533
04/02/2020;17589,96593
05/02/2020;18656,49286
06/02/2020;18913,93913
07/02/2020;18876,69051
10/02/2020;19117,15952
11/02/2020;19980,71945
12/02/2020;20592,40775
13/02/2020;20236,39198
14/02/2020;20714,2893
17/02/2020;19034,30033
18/02/2020;20252,10229
19/02/2020;20069,40666
20/02/2020;18882,51852
21/02/2020;19167,07774
24/02/2020;18926,60873
25/02/2020;18312,38652
26/02/2020;17178,20392
27/02/2020;17392,57356
28/02/2020;16831,05688
02/03/2020;17403,7228
03/03/2020;16991,70741
04/03/2020;16941,2824
05/03/2020;17768,86068
06/03/2020;17856,7877
09/03/2020;15185,27584
10/03/2020;15411,3015
11/03/2020;15136,62457
12/03/2020;11525,53517
13/03/2020;10404,02217
16/03/2020;9621,54767
17/03/2020;10275,80582
18/03/2020;10219,2994
19/03/2020;11934,50986
20/03/2020;11722,92753
23/03/2020;11932,9895
24/03/2020;12729,40056
25/03/2020;12506,4156
26/03/2020;12603,21135
27/03/2020;12639,69979
30/03/2020;12124,04707
31/03/2020;12298,88755
01/04/2020;11813,64187
02/04/2020;12895,37232
03/04/2020;12919,95135
06/04/2020;14033,60919
07/04/2020;14074,15191
08/04/2020;14241,13724
09/04/2020;14078,71297
10/04/2020;13325,12516
13/04/2020;13137,10829
14/04/2020;13384,16549
15/04/2020;13010,66568
16/04/2020;13604,10975
17/04/2020;13756,65173
20/04/2020;13183,73242
21/04/2020;13413,05218
22/04/2020;13870,93153
23/04/2020;14670,1299
24/04/2020;14658,98065
27/04/2020;14963,55784
28/04/2020;15043,12292
29/04/2020;16893,39131
30/04/2020;16905,55413
01/05/2020;16749,71805
04/05/2020;16859,43679
05/05/2020;16948,63077
06/05/2020;17429,062
07/05/2020;18473,29044
08/05/2020;18622,53833
11/05/2020;16328,07376
12/05/2020;16514,57027
13/05/2020;17116,62967
14/05/2020;17920,89588
15/05/2020;17278,80055
18/05/2020;18143,88084
19/05/2020;18020,98572
20/05/2020;17811,68393
21/05/2020;16914,42285
22/05/2020;17237,49765
25/05/2020;16858,16983
26/05/2020;16571,83687
27/05/2020;17199,23546
28/05/2020;17742,00113
29/05/2020;17695,63039
01/06/2020;18204,18814
02/06/2020;18054,43346
03/06/2020;18236,8757
04/06/2020;18599,98644
05/06/2020;18490,77449
08/06/2020;18409,68905
09/06/2020;18467,71582
10/06/2020;18747,20719
11/06/2020;17530,6722
12/06/2020;17871,73783
15/06/2020;17794,19988
16/06/2020;17903,66522
17/06/2020;17607,70337
18/06/2020;17694,87021
19/06/2020;17522,05687
22/06/2020;18118,03486
23/06/2020;18233,32822
24/06/2020;17569,94796
25/06/2020;17556,77157
26/06/2020;17350,51048
29/06/2020;17239,52479
30/06/2020;17172,12252
01/07/2020;17414,36527
02/07/2020;17017,80679
03/07/2020;17107,25416
06/07/2020;17643,17825
07/07/2020;17535,23325
08/07/2020;18031,1214
09/07/2020;17562,3462
10/07/2020;17594,0202
13/07/2020;17527,88489
14/07/2020;17657,11481
15/07/2020;17446,29266
16/07/2020;17298,56512
17/07/2020;17371,79541
20/07/2020;17372,80898
21/07/2020;17828,91458
22/07/2020;17865,14964
23/07/2020;18491,02788
24/07/2020;18575,40742
27/07/2020;20937,27426
28/07/2020;21297,0909
29/07/2020;21670,8441
30/07/2020;21649,81257
31/07/2020;22134,55146
03/08/2020;22858,99919
04/08/2020;22456,3593
05/08/2020;23219,32262
06/08/2020;23631,33801
07/08/2020;22727,23535
10/08/2020;23475,50193
11/08/2020;22524,77514
12/08/2020;22876,22985
13/08/2020;22869,89505
14/08/2020;23844,18729
17/08/2020;24750,31709
18/08/2020;24001,29033
19/08/2020;23135,95665
20/08/2020;23610,05309
21/08/2020;23128,1015
24/08/2020;23293,56648
25/08/2020;22298,74948
26/08/2020;22668,44841
27/08/2020;22164,9585
28/08/2020;22770,31199
31/08/2020;23539,8635
01/09/2020;24330,95333
02/09/2020;22901,06227
03/09/2020;21465,59658
04/09/2020;21200,80194
07/09/2020;20036,97248
08/09/2020;19712,63072
09/09/2020;20351,68534
10/09/2020;20413,00621
11/09/2020;20545,53023
14/09/2020;21100,20532
15/09/2020;21188,89252
16/09/2020;21527,93101
17/09/2020;21684,78066
18/09/2020;21475,73226
21/09/2020;20344,59037
22/09/2020;20359,79389
23/09/2020;19861,87861
24/09/2020;20680,08138
25/09/2020;20971,98896
28/09/2020;21324,71063
29/09/2020;21045,72604
30/09/2020;20956,27866
01/10/2020;20753,81845
02/10/2020;20452,78875
05/10/2020;20948,93029
06/10/2020;20537,16829
07/10/2020;20683,88226
08/10/2020;21191,93322
09/10/2020;21585,95778
12/10/2020;22635,25406
13/10/2020;22287,34684
14/10/2020;22138,09895
15/10/2020;22466,74838
16/10/2020;21929,55733
19/10/2020;22602,81988
20/10/2020;22695,05457
21/10/2020;24170,80958
22/10/2020;25053,37392
23/10/2020;24681,64786
26/10/2020;24668,72487
27/10/2020;25777,06148
28/10/2020;24773,62915
29/10/2020;25245,95184
30/10/2020;25183,61741
02/11/2020;25333,62548
03/11/2020;25343,00098
04/11/2020;25944,55359
05/11/2020;27622,51542
06/11/2020;28556,51834
09/11/2020;28397,38816
10/11/2020;28336,32069
11/11/2020;29091,68224
12/11/2020;29586,81021
13/11/2020;29892,90775
16/11/2020;30706,04268
17/11/2020;32257,05512
18/11/2020;31976,80357
19/11/2020;32669,5773
20/11/2020;33966,18417
23/11/2020;35357,55964
24/11/2020;37049,96482
25/11/2020;36144,5952
26/11/2020;32635,36938
27/11/2020;32310,52083
30/11/2020;37058,58015
01/12/2020;36257,35464
02/12/2020;36403,56182
03/12/2020;36943,54018
04/12/2020;35931,49253
07/12/2020;36020,43312
08/12/2020;35065,65206
09/12/2020;34712,93039
10/12/2020;34698,23366
11/12/2020;33873,1893
14/12/2020;35937,82733
15/12/2020;36442,3308
16/12/2020;38780,88558
17/12/2020;41941,44401
18/12/2020;41939,41687
21/12/2020;41362,18989
22/12/2020;42176,84517
23/12/2020;41239,54816
24/12/2020;41257,79239
25/12/2020;43015,5727
28/12/2020;47407,36286
29/12/2020;47331,34526
30/12/2020;49970,16956
31/12/2020;50520,28359
01/01/2021;50647,73977
04/01/2021;56300,15513
05/01/2021;60847,52798
06/01/2021;65253,76149
07/01/2021;70078,0918
08/01/2021;68308,40206
11/01/2021;59442,72273
12/01/2021;61244,59325
13/01/2021;64695,7923
14/01/2021;69985,85711
15/01/2021;64110,20339
18/01/2021;66260,23452
19/01/2021;68192,60192
20/01/2021;65793,48645
21/01/2021;59754,90168
22/01/2021;62833,1077
25/01/2021;63594,55067
26/01/2021;61378,13083
27/01/2021;60191,2427
28/01/2021;62183,15722
29/01/2021;64975,53707
01/02/2021;64338,50958
02/02/2021;68967,22126
03/02/2021;72174,15043
04/02/2021;73009,07707
05/02/2021;74233,974
08/02/2021;83685,49564
09/02/2021;88978,85454
10/02/2021;85713,13843
11/02/2021;90269,12661
12/02/2021;92507,08477
15/02/2021;94095,59922
16/02/2021;92961,41662
17/02/2021;99341,82721
18/02/2021;100583,7014
19/02/2021;107147,8212
22/02/2021;102689,1355
23/02/2021;90660,87065
24/02/2021;93451,98354
25/02/2021;93291,83979
26/02/2021;88009,12336
01/03/2021;92483,26592
02/03/2021;90305,86845
03/03/2021;95922,04876
04/03/2021;91776,04884
05/03/2021;93440,3275
08/03/2021;99313,19391
09/03/2021;104082,0314
10/03/2021;105896,0647
11/03/2021;108049,8967
12/03/2021;105388,2671
15/03/2021;105552,2118
16/03/2021;104755,8007
17/03/2021;108770,797
18/03/2021;106668,1501
19/03/2021;110412,0169
22/03/2021;104508,2367
23/03/2021;103150,5624
24/03/2021;101395,316
25/03/2021;97672,7341
26/03/2021;101113,5441
29/03/2021;108107,6701
30/03/2021;110745,2274
31/03/2021;110136,5798
01/04/2021;112269,6337
02/04/2021;113384,3051
05/04/2021;116068,2332
06/04/2021;116812,4455
07/04/2021;110667,9429
08/04/2021;114918,5937
09/04/2021;116252,7026
12/04/2021;123113,0376
13/04/2021;130683,377
14/04/2021;129080,6726
15/04/2021;134246,8287
16/04/2021;132219,9461
19/04/2021;119565,5496
20/04/2021;122496,2815
21/04/2021;121622,0791
22/04/2021;117538,9204
23/04/2021;111786,4152
26/04/2021;118681,2115
27/04/2021;121663,1286
28/04/2021;124072,3797
29/04/2021;120074,3607
30/04/2021;128321,2568
03/05/2021;134892,9783
04/05/2021;131559,0998
05/05/2021;138199,4906
06/05/2021;136995,3718
07/05/2021;139497,111
10/05/2021;138953,0784
11/05/2021;142628,7827
12/05/2021;138662,4377
13/05/2021;124166,1348
14/05/2021;132954,7829
17/05/2021;117194,5606
18/05/2021;116067,7264
19/05/2021;97355,9941
20/05/2021;100849,2562
21/05/2021;87598,12153
24/05/2021;95956,00329
25/05/2021;90599,54978
26/05/2021;96278,06452
27/05/2021;96899,6351
28/05/2021;88848,35766
31/05/2021;92178,68873
01/06/2021;90345,3976
02/06/2021;97061,80598
03/06/2021;98292,02415
04/06/2021;93775,81851
07/06/2021;91950,12915
08/06/2021;84465,43622
09/06/2021;90196,40311
10/06/2021;89196,77166
11/06/2021;88973,7867
14/06/2021;94416,39349
15/06/2021;94581,60508
16/06/2021;91189,19297
17/06/2021;88828,84648
18/06/2021;82836,63244
21/06/2021;74790,67623
22/06/2021;72348,73752
23/06/2021;73958,03012
24/06/2021;79224,27607
25/06/2021;73260,69533
28/06/2021;79219,20823
29/06/2021;83636,84438
30/06/2021;81273,96397
01/07/2021;76936,1463
02/07/2021;77338,02602
05/07/2021;80202,87598
06/07/2021;81078,09195
07/07/2021;82747,43845
08/07/2021;77616,50383
09/07/2021;77879,52472
12/07/2021;75319,25195
13/07/2021;73383,08367
14/07/2021;74461,26663
15/07/2021;72038,07892
16/07/2021;72035,03822
19/07/2021;68805,05038
20/07/2021;66707,21801
21/07/2021;71354,6807
22/07/2021;73861,23437
23/07/2021;73222,43314
26/07/2021;88174,08155
27/07/2021;83370,0226
28/07/2021;88061,82889
29/07/2021;87241,34559
30/07/2021;88111,24033
02/08/2021;90104,42181
03/08/2021;87189,14684
04/08/2021;92023,10604
05/08/2021;94290,96445
06/08/2021;98911,82098
09/08/2021;105930,7794
10/08/2021;105807,8843
11/08/2021;110547,8351
12/08/2021;104734,009
13/08/2021;110307,6194
16/08/2021;111891,3194
17/08/2021;109864,9436
18/08/2021;107899,6353
19/08/2021;113008,7782
20/08/2021;117676,5122
23/08/2021;120053,5826
24/08/2021;116757,4594
25/08/2021;117311,8811
26/08/2021;112820,0011
27/08/2021;117102,326
30/08/2021;118728,5958
31/08/2021;117704,6387
01/09/2021;122191,9577
02/09/2021;125120,9158
03/09/2021;128879,226
06/09/2021;131284,1695
07/09/2021;115295,641
08/09/2021;116546,1305
09/09/2021;116336,5753
10/09/2021;112995,095
13/09/2021;111272,0294
14/09/2021;114662,4144
15/09/2021;119474,0751
16/09/2021;118158,7172
17/09/2021;116468,8459
20/09/2021;106321,2565
21/09/2021;101363,1352
22/09/2021;106083,068
23/09/2021;109468,8919
24/09/2021;102971,1608
27/09/2021;104462,6262
28/09/2021;100277,8573
29/09/2021;99761,69775
30/09/2021;105371,5433
01/10/2021;116335,055
04/10/2021;119417,8221
05/10/2021;122801,3654
06/10/2021;129182,2828
07/10/2021;127814,4728
08/10/2021;128929,9044
11/10/2021;131163,0481
12/10/2021;127856,5359
13/10/2021;131521,091
14/10/2021;135158,2798
15/10/2021;141172,7923
18/10/2021;139661,8158
19/10/2021;144069,5697
20/10/2021;151067,2432
21/10/2021;145623,8762
22/10/2021;142615,353
25/10/2021;147135,6129
26/10/2021;146530,2594
27/10/2021;138745,2969
28/10/2021;145314,2312
29/10/2021;149005,8992
01/11/2021;147392,0456
02/11/2021;152464,4466
03/11/2021;153370,5764
04/11/2021;149646,4742
05/11/2021;150051,3946
08/11/2021;160736,6819
09/11/2021;163042,8025
10/11/2021;158473,3846
11/11/2021;158016,012
12/11/2021;156283,3175
15/11/2021;154950,4756
16/11/2021;143944,6474
17/11/2021;145490,3386
18/11/2021;138945,4766
19/11/2021;141966,9228
22/11/2021;136527,8635
23/11/2021;143129,9921
24/11/2021;140425,5393
25/11/2021;145592,2022
26/11/2021;134477,1621
29/11/2021;142795,7681
30/11/2021;144133,6778
01/12/2021;142672,1128
02/12/2021;143567,0933
03/12/2021;134025,1107
06/12/2021;125382,163
07/12/2021;128725,1636
08/12/2021;130772,571
09/12/2021;122886,7585
10/12/2021;122968,6042
13/12/2021;116279,5621
14/12/2021;118995,4176
15/12/2021;124073,3933
16/12/2021;121573,9346
17/12/2021;116987,5394
20/12/2021;119797,1499
21/12/2021;123216,6749
22/12/2021;124423,8344
23/12/2021;129185,5769
24/12/2021;128780,9099
27/12/2021;130011,8882
28/12/2021;121057,7751
29/12/2021;119062,5665
30/12/2021;118484,8327
31/12/2021;115418,2827
03/01/2022;116612,0124
04/01/2022;117940,2933
05/01/2022;111486,9058
06/01/2022;108888,6242
07/01/2022;104108,6375
10/01/2022;101739,6757
11/01/2022;105739,4684
12/01/2022;109609,7779
13/01/2022;106784,9638
14/01/2022;107768,6316
17/01/2022;105544,8634
18/01/2022;103828,386
19/01/2022;103186,2906
20/01/2022;105725,0251
21/01/2022;93245,21566
24/01/2022;87967,06028
25/01/2022;86760,15418
26/01/2022;87748,63638
27/01/2022;83180,73878
28/01/2022;88332,95833
31/01/2022;91098,98542
01/02/2022;92272,44377
02/02/2022;90249,36204
03/02/2022;86728,73357
04/02/2022;97158,60173
07/02/2022;105537,2616
08/02/2022;105143,9972
09/02/2022;107608,7412
10/02/2022;104582,734
11/02/2022;99334,22545
14/02/2022;98815,27863
15/02/2022;104401,8121
16/02/2022;104712,2173
17/02/2022;96900,39528
18/02/2022;94450,34802
21/02/2022;90171,57069
22/02/2022;88887,63342
23/02/2022;89112,13874
24/02/2022;90290,41154
25/02/2022;92267,88272
28/02/2022;98456,22216
01/03/2022;103292,2085
02/03/2022;102477,2998
03/03/2022;98139,73556
04/03/2022;92388,24392
07/03/2022;87722,28361
08/03/2022;90119,87872
09/03/2022;96872,77555
10/03/2022;92811,40856
11/03/2022;89902,72178
14/03/2022;90548,11121
15/03/2022;93226,21126
16/03/2022;95903,29775
17/03/2022;96800,30544
18/03/2022;99757,1367
21/03/2022;98566,19429
22/03/2022;100784,6413
23/03/2022;100864,2064
24/03/2022;105225,8429
25/03/2022;105435,6514
28/03/2022;114518,9945
29/03/2022;114378,1085
30/03/2022;113459,5625
31/03/2022;109809,4508
01/04/2022;113389,8797
04/04/2022;112962,154
05/04/2022;112945,937
06/04/2022;106359,2653
07/04/2022;105724,2649
08/04/2022;104482,8975
11/04/2022;96978,69341
12/04/2022;95684,11367
13/04/2022;99752,57564
14/04/2022;96696,66811
15/04/2022;97992,76819
18/04/2022;98472,69264
19/04/2022;100959,4817
20/04/2022;100130,8899
21/04/2022;99630,94748
22/04/2022;96288,70699
25/04/2022;97522,72603
26/04/2022;92426,7595
27/04/2022;93390,91606
28/04/2022;95983,36963
29/04/2022;91576,12255
02/05/2022;91822,41958
03/05/2022;89879,40971
04/05/2022;95558,93803
05/05/2022;87547,18974
06/05/2022;86666,14575
09/05/2022;72716,40931
10/05/2022;73788,25748
11/05/2022;65983,53045
12/05/2022;63168,34532
13/05/2022;67191,95691
16/05/2022;66108,7061
17/05/2022;67309,53079
18/05/2022;65227,40872
19/05/2022;66310,15274
20/05/2022;65079,68118
23/05/2022;65297,09152
24/05/2022;65378,68375
25/05/2022;65707,83996
26/05/2022;63497,50153
27/05/2022;62014,14476
30/05/2022;66297,98993
31/05/2022;67975,69836
01/06/2022;64449,24189
02/06/2022;64783,46594
03/06/2022;62817,14401
06/06/2022;66662,62102
07/06/2022;65898,89752
08/06/2022;63939,41718
09/06/2022;63699,96174
10/06/2022;61014,51331
13/06/2022;47787,19747
14/06/2022;46358,06658
15/06/2022;45520,09924
16/06/2022;43521,34313
17/06/2022;43043,44582
20/06/2022;42813,36588
21/06/2022;44262,76813
22/06/2022;42574,67062
23/06/2022;44424,68562
24/06/2022;46251,64194
27/06/2022;45241,36803
28/06/2022;43872,79784
29/06/2022;43287,46231
30/06/2022;40362,81184
01/07/2022;41505,35637
04/07/2022;42821,47442
05/07/2022;43867,47661
06/07/2022;43923,22285
07/07/2022;47090,87625
08/07/2022;46915,52899
11/07/2022;43882,68013
12/07/2022;41166,06448
13/07/2022;41891,019
14/07/2022;44566,07835
15/07/2022;46185,50663
18/07/2022;48984,47467
19/07/2022;52640,66786
20/07/2022;52746,8391
21/07/2022;52353,06793
22/07/2022;50838,29055
25/07/2022;49390,91544
26/07/2022;46612,72554
27/07/2022;51724,65577
28/07/2022;54605,72282
29/07/2022;55005,82879
01/08/2022;52612,28795
02/08/2022;52739,23734
03/08/2022;53840,22559
04/08/2022;51855,91283
05/08/2022;53496,62604
08/08/2022;56092,37369
09/08/2022;53802,47018
10/08/2022;55972,77267
11/08/2022;57526,82581
12/08/2022;57743,22258
15/08/2022;57040,05978
16/08/2022;56979,75248
17/08/2022;55473,08364
18/08/2022;55742,94612
19/08/2022;50866,16367
22/08/2022;49344,03792
23/08/2022;50821,31329
24/08/2022;51358,25094
25/08/2022;51492,29531
26/08/2022;48533,43691
29/08/2022;47433,96902
30/08/2022;47318,16887
31/08/2022;47995,2323
01/09/2022;47314,36799
02/09/2022;47341,22755
05/09/2022;47368,84727
06/09/2022;45832,27818
07/09/2022;46181,45236
08/09/2022;47556,10396
09/09/2022;51072,17137
12/09/2022;52823,61688
13/09/2022;48400,15272
14/09/2022;47908,82563
15/09/2022;46666,44465
16/09/2022;45870,79377
19/09/2022;45250,23675
20/09/2022;44463,45459
21/09/2022;44229,57377
22/09/2022;45012,30167
23/09/2022;43962,24521
26/09/2022;44871,9225
27/09/2022;44495,88877
28/09/2022;45287,73877
29/09/2022;45121,51362
30/09/2022;45435,7197
03/10/2022;45250,23675
04/10/2022;46791,6203
05/10/2022;46601,5763
06/10/2022;46515,9298
07/10/2022;45410,88728
10/10/2022;44760,9368
11/10/2022;43999,49384
12/10/2022;44336,25181
13/10/2022;44549,10109
14/10/2022;44325,10256
17/10/2022;45084,51839
18/10/2022;44353,73586
19/10/2022;44324,59577
20/10/2022;43796,52684
21/10/2022;44236,16197
24/10/2022;44898,78205
25/10/2022;47886,78052
26/10/2022;49181,10687
27/10/2022;48971,29829
28/10/2022;49023,49704
31/10/2022;49007,53335
01/11/2022;49216,07496
02/11/2022;48454,632
03/11/2022;48721,45378
04/11/2022;51326,32355
07/11/2022;50233,95063
08/11/2022;43294,81068
09/11/2022;39589,96624
10/11/2022;43152,40438
11/11/2022;39899,61126
14/11/2022;38963,07443
15/11/2022;40227,7539
16/11/2022;39383,95854
17/11/2022;39456,17526
18/11/2022;39489,623
21/11/2022;37006,88818
22/11/2022;37888,43895
23/11/2022;39446,79976
24/11/2022;39669,02454
25/11/2022;39697,40444
28/11/2022;38916,70369
29/11/2022;39754,41764
30/11/2022;41346,73298
01/12/2022;40728,4565
02/12/2022;41035,06082
05/12/2022;40538,4125
06/12/2022;40608,34869
07/12/2022;40074,45174
08/12/2022;41158,71611
09/12/2022;40793,83163
12/12/2022;40670,42973
13/12/2022;41972,10444
14/12/2022;41845,40844
15/12/2022;40935,73115
16/12/2022;39288,17636
19/12/2022;38380,77961
20/12/2022;39198,47559
21/12/2022;38971,68975
22/12/2022;39078,62118
23/12/2022;39173,89657
26/12/2022;39210,63841
27/12/2022;38904,79427
28/12/2022;38570,57022
29/12/2022;38506,71543
30/12/2022;38479,85588
02/01/2023;39003,87054
03/01/2023;38765,17527
04/01/2023;39495,19763
05/01/2023;39623,66737
06/01/2023;39789,13235
09/01/2023;41059,63984
10/01/2023;41729,86168
11/01/2023;41883,92402
12/01/2023;44916,77288
13/01/2023;45479,04973
16/01/2023;49550,5524
17/01/2023;49735,27517
18/01/2023;47957,2235
19/01/2023;48929,742
20/01/2023;51481,90624
23/01/2023;52627,99826
24/01/2023;52460,25275
25/01/2023;51907,3514
26/01/2023;52449,35689
27/01/2023;52352,05437
30/01/2023;51287,55457
31/01/2023;52407,80061
01/02/2023;53496,87943
02/02/2023;54536,29342
03/02/2023;53548,318
06/02/2023;52969,82407
07/02/2023;53426,18306
08/02/2023;52593,28355
09/02/2023;50552,21098
10/02/2023;49723,11236
13/02/2023;49000,18498
14/02/2023;50600,60886
15/02/2023;54474,46577
16/02/2023;55148,48849
17/02/2023;55788,0499
20/02/2023;55658,56659
21/02/2023;54815,27801
22/02/2023;53367,39611
