
insert into restaurant VALUES('resto.mcdo.grenoble@mcdo.fr','McDo Grenoble','0606060606','20 Rue des avions',200,'McDonald de Grenoble ouvert tous les jours');
insert into restaurant VALUES('chezgabriel.resto@gmail.com','Chez Gabriel','0707070707','14 Rue du monde, Grenoble',50,'Ouvert tous les jours sauf le lundi');
insert into categorie VALUES('Cuisine générale');
insert into categorie VALUES('Cuisine FastFood');
insert into categorie VALUES('Cuisine Italienne');
insert into comptes  VAlUES(1);
insert into comptes  VAlUES(2);
insert into plat VALUES ('resto.mcdo.grenoble@mcdo.fr', 1,'Burger','Burger avec 1 steak de boeuf, tomate et salade',5);
insert into plat VALUES ('chezgabriel.resto@gmail.com', 1,'Pizza','Pizza tomates basilic et mozzarella',10);
insert into plat VALUES ('chezgabriel.resto@gmail.com', 2,'Pates','Pates à l huile d olives et parmesan',12);
insert into allergenes VALUES ('E22');
insert into allergenes VALUES ('E21');
insert into allergenes VALUES ('E20');
insert into CLIENTA  VAlUES('jean.dupont@gmail.com','123456','Dupont','Jean','23 Rue des oiseaux, Grenoble',1);
insert into CLIENTA  VAlUES('alex.mercier@hotmail.com','000000','Mercier','Alex','32 Rue des sciences, Grenoble',2);
insert into TYPECOMMANDE VALUES ('livraison');
insert into TYPECOMMANDE VALUES ('sur place');
insert into TYPECOMMANDE VALUES ('a emporter');
insert into ACCEPTETYPE VALUES ('resto.mcdo.grenoble@mcdo.fr','livraison');
insert into ACCEPTETYPE VALUES ('resto.mcdo.grenoble@mcdo.fr','a emporter');
insert into ACCEPTETYPE VALUES ('resto.mcdo.grenoble@mcdo.fr','sur place');
insert into APOURCAT VAlUES('resto.mcdo.grenoble@mcdo.fr','Cuisine FastFood');
insert into APOURCAT VAlUES('chezgabriel.resto@gmail.com','Cuisine Italienne'); 
insert into textelivraison VALUES ('3ème porte à gauche au 3ème étage');
insert into commande VALUES ('resto.mcdo.grenoble@mcdo.fr', 1, TO_TIMESTAMP('2022-11-23 19:12:22', 'YYYY-MM-DD HH24:MI:SS'),20,'disponible','livraison');
insert into commande VALUES ('chezgabriel.resto@gmail.com', 2, TO_TIMESTAMP('2022-11-23 19:56:22', 'YYYY-MM-DD HH24:MI:SS'),22,'disponible','sur place');
insert into CONTIENTALLERGENE VAlUES('resto.mcdo.grenoble@mcdo.fr',1,'E22');
insert into CONTIENTALLERGENE VAlUES('chezgabriel.resto@gmail.com',2,'E22');
insert into ESTFILS VAlUES('Cuisine générale','Cuisine FastFood');
insert into ESTFILS VAlUES('Cuisine générale','Cuisine Italienne');
insert into horaireouverture VALUES ('Lundi','19-23');
insert into horaireouverture VALUES ('Mardi','19-23');
insert into horaireouverture VALUES ('Mercredi','19-23');
insert into horaireouverture VALUES ('Jeudi','19-23');
insert into horaireouverture VALUES ('Vendredi','19-23');
insert into horaireouverture VALUES ('Samedi','19-23');
insert into horaireouverture VALUES ('Dimanche','19-23');
insert into ESTOUVERTLE VAlUES('resto.mcdo.grenoble@mcdo.fr','Lundi','19-23');
insert into ESTOUVERTLE VAlUES('resto.mcdo.grenoble@mcdo.fr','Mardi','19-23');
insert into ESTOUVERTLE VAlUES('resto.mcdo.grenoble@mcdo.fr','Mercredi','19-23');
insert into ESTOUVERTLE VAlUES('resto.mcdo.grenoble@mcdo.fr','Jeudi','19-23');
insert into ESTOUVERTLE VAlUES('resto.mcdo.grenoble@mcdo.fr','Vendredi','19-23');
insert into ESTOUVERTLE VAlUES('resto.mcdo.grenoble@mcdo.fr','Samedi','19-23');
insert into ESTOUVERTLE VAlUES('resto.mcdo.grenoble@mcdo.fr','Dimanche','19-23');
insert into ESTOUVERTLE VAlUES('chezgabriel.resto@gmail.com','Lundi','19-23');
insert into ESTOUVERTLE VAlUES('chezgabriel.resto@gmail.com','Mardi','19-23');
insert into ESTOUVERTLE VAlUES('chezgabriel.resto@gmail.com','Mercredi','19-23');
insert into ESTOUVERTLE VAlUES('chezgabriel.resto@gmail.com','Jeudi','19-23');
insert into ESTOUVERTLE VAlUES('chezgabriel.resto@gmail.com','Vendredi','19-23');
insert into ESTOUVERTLE VAlUES('chezgabriel.resto@gmail.com','Samedi','19-23');
insert into ESTOUVERTLE VAlUES('chezgabriel.resto@gmail.com','Dimanche','19-23');
insert into commandelivraison VALUES ('resto.mcdo.grenoble@mcdo.fr', 1, TO_TIMESTAMP('2022-11-23 19:12:22', 'YYYY-MM-DD HH24:MI:SS'),10,'disponible','livraison','65 Rue de l Eau, Grenoble', TO_TIMESTAMP('2022-11-23 20:11:22', 'YYYY-MM-DD HH24:MI:SS'));
insert into commandesurplace VALUES ('chezgabriel.resto@gmail.com', 2, TO_TIMESTAMP('2022-11-23 19:56:22', 'YYYY-MM-DD HH24:MI:SS') ,22,'disponible','sur place',6,TO_TIMESTAMP('2022-11-23 20:23:22', 'YYYY-MM-DD HH24:MI:SS'));
insert into APOUREVAL VAlUES('resto.mcdo.grenoble@mcdo.fr',1,TO_TIMESTAMP('2022-11-23 19:12:22', 'YYYY-MM-DD HH24:MI:SS'),TO_TIMESTAMP('2022-11-23 20:45:22', 'YYYY-MM-DD HH24:MI:SS'),'Très bien',4);
insert into evaluationc  VAlUES(TO_TIMESTAMP('2022-11-23 20:45:22', 'YYYY-MM-DD HH24:MI:SS'),'Très bien',4);
insert into APOURCOMMANDE VALUES (1,'resto.mcdo.grenoble@mcdo.fr',1,TO_TIMESTAMP('2022-11-23 19:12:22', 'YYYY-MM-DD HH24:MI:SS'),2);
insert into APOURCOMMANDE VALUES (1,'chezgabriel.resto@gmail.com',2,TO_TIMESTAMP('2022-11-23 19:56:22', 'YYYY-MM-DD HH24:MI:SS'),1);
insert into APOURCOMMANDE VALUES (2,'chezgabriel.resto@gmail.com',2,TO_TIMESTAMP('2022-11-23 19:56:22', 'YYYY-MM-DD HH24:MI:SS'),1);
insert into CONTIENTMSG VAlUES('resto.mcdo.grenoble@mcdo.fr',1,TO_TIMESTAMP('2022-11-23 19:12:22', 'YYYY-MM-DD HH24:MI:SS'),'3ème porte à gauche au 3ème étage');



